City_ID,City,Country,Date,Lat,Lng,Max Temp,Humidity,Cloudiness,Wind Speed
0,Chhapar,IN,2022-01-22 23:12:00,27.8167,74.4,53.69,79,81,8.41
1,Punta Arenas,CL,2022-01-22 23:12:00,-53.15,-70.9167,53.71,66,75,6.91
2,Beringovskiy,RU,2022-01-22 23:12:00,63.05,179.3167,-5.19,96,100,9.22
3,Victoria,HK,2022-01-22 23:07:43,22.2855,114.1577,66.18,87,100,1.99
4,Vila,PT,2022-01-22 23:12:00,42.0304,-8.1588,37.33,72,4,4.25
5,Busselton,AU,2022-01-22 23:12:01,-33.65,115.3333,72.09,46,4,6.73
6,Tuktoyaktuk,CA,2022-01-22 23:12:01,69.4541,-133.0374,-0.26,88,100,17.67
7,Butaritari,KI,2022-01-22 23:12:01,3.0707,172.7902,82.83,71,92,12.62
8,Perleberg,DE,2022-01-22 23:12:01,53.0667,11.8667,41.9,91,99,7.81
9,Atar,MR,2022-01-22 23:12:02,20.5169,-13.0499,73.9,15,99,10.04
10,East London,ZA,2022-01-22 23:12:02,-33.0153,27.9116,72.66,71,0,18.07
11,Palmer,US,2022-01-22 23:12:02,42.1584,-72.3287,23.56,64,75,0.0
12,Iracoubo,GF,2022-01-22 23:12:03,5.4802,-53.2011,76.91,83,93,6.62
13,Adrar,MR,2022-01-22 23:12:03,20.5022,-10.0711,66.74,16,94,11.27
14,Tiksi,RU,2022-01-22 23:12:03,71.6872,128.8694,-6.65,95,100,9.26
15,Puerto Ayora,EC,2022-01-22 23:12:03,-0.7393,-90.3518,75.38,77,95,8.12
16,Ribeira Grande,PT,2022-01-22 23:12:04,38.5167,-28.7,59.32,62,53,10.45
17,Yellowknife,CA,2022-01-22 23:07:11,62.456,-114.3525,-15.59,85,99,10.0
18,Jamestown,US,2022-01-22 23:12:04,42.097,-79.2353,24.39,36,100,5.99
19,Albany,US,2022-01-22 23:12:04,42.6001,-73.9662,18.59,68,76,1.57
20,Ushuaia,AR,2022-01-22 23:11:12,-54.8,-68.3,46.02,96,100,4.07
21,Auxerre,FR,2022-01-22 23:08:05,47.8,3.5667,39.06,97,2,5.86
22,Hobart,AU,2022-01-22 23:08:25,-42.8794,147.3294,78.03,57,0,3.0
23,Roald,NO,2022-01-22 23:12:05,62.5833,6.1333,50.05,81,0,18.41
24,Bredasdorp,ZA,2022-01-22 23:12:05,-34.5322,20.0403,77.29,87,14,4.14
25,Srednekolymsk,RU,2022-01-22 23:09:39,67.45,153.6833,-40.88,100,99,5.5
26,The Valley,AI,2022-01-22 23:12:06,18.217,-63.0578,77.83,71,1,17.2
27,Qaanaaq,GL,2022-01-22 23:12:06,77.484,-69.3632,-10.75,84,100,8.5
28,Georgetown,MY,2022-01-22 23:12:06,5.4112,100.3354,79.9,86,20,2.3
29,Hilo,US,2022-01-22 23:12:06,19.7297,-155.09,79.25,60,0,6.91
30,Oranjemund,Namibia,2022-01-22 23:12:07,-28.55,16.4333,83.1,50,100,11.14
31,Comodoro Rivadavia,AR,2022-01-22 23:12:07,-45.8667,-67.5,71.46,35,40,31.07
32,Popondetta,PG,2022-01-22 23:12:07,-8.7537,148.2534,81.3,76,99,1.23
33,Aripuana,BR,2022-01-22 23:12:08,-9.1667,-60.6333,75.11,93,45,3.0
34,Albanel,CA,2022-01-22 23:09:17,48.8832,-72.4487,8.24,81,100,9.42
35,Hermanus,ZA,2022-01-22 23:12:08,-34.4187,19.2345,82.9,68,60,7.52
36,Tallahassee,US,2022-01-22 23:12:08,30.4383,-84.2807,42.85,88,100,8.05
37,Torbay,CA,2022-01-22 23:11:53,47.6666,-52.7314,20.39,85,69,1.99
38,Rocky Mountain House,CA,2022-01-22 23:12:08,52.3668,-114.9188,34.9,95,86,3.31
39,Rikitea,PF,2022-01-22 23:12:09,-23.1203,-134.9692,78.8,74,100,10.49
40,Siverek,TR,2022-01-22 23:12:09,37.755,39.3167,30.81,89,63,8.5
41,Verkhnevilyuysk,RU,2022-01-22 23:12:09,63.4453,120.3167,-16.15,99,12,3.58
42,Gizo,SB,2022-01-22 23:12:10,-8.103,156.8419,84.36,74,22,9.31
43,Colares,PT,2022-01-22 23:12:10,38.7992,-9.4469,53.29,56,96,7.0
44,Avarua,CK,2022-01-22 23:12:10,-21.2078,-159.775,77.05,94,75,16.11
45,Iqaluit,CA,2022-01-22 23:12:11,63.7506,-68.5145,2.7,65,100,5.01
46,Port Elizabeth,ZA,2022-01-22 23:13:11,-33.918,25.5701,72.1,73,0,18.97
47,Vaini,TO,2022-01-22 23:13:11,-21.2,-175.2,81.37,75,74,16.26
48,Kaitangata,NZ,2022-01-22 23:13:12,-46.2817,169.8464,57.92,54,54,8.95
49,Pisco,PE,2022-01-22 23:13:12,-13.7,-76.2167,73.45,73,0,20.71
50,Turochak,RU,2022-01-22 23:13:12,52.2576,87.1224,-12.51,100,63,2.64
51,Quzhou,CN,2022-01-22 23:13:12,28.9594,118.8686,50.32,98,100,4.05
52,Guanay,BO,2022-01-22 23:13:13,-15.4975,-67.8797,74.55,97,80,1.95
53,Souillac,MU,2022-01-22 23:13:13,-20.5167,57.5167,81.36,77,85,13.53
54,Chapais,CA,2022-01-22 23:13:13,49.7834,-74.8492,2.98,94,100,13.04
55,Portlethen,GB,2022-01-22 23:13:14,57.0547,-2.1307,42.03,93,75,3.44
56,Yorkton,CA,2022-01-22 23:13:14,51.2167,-102.4677,-7.22,100,87,3.6
57,Barrow,US,2022-01-22 23:09:02,71.2906,-156.7887,-7.58,71,100,21.85
58,Melo,UY,2022-01-22 23:13:14,-32.3667,-54.1833,85.59,62,58,13.18
59,Kruisfontein,ZA,2022-01-22 23:13:14,-34.0033,24.7314,69.89,80,0,9.42
60,Talnakh,RU,2022-01-22 23:13:15,69.4865,88.3972,13.21,95,100,11.34
61,Lasa,IT,2022-01-22 23:13:15,46.6166,10.7002,34.02,91,46,7.38
62,Namibe,AO,2022-01-22 23:13:15,-15.1961,12.1522,73.44,88,100,6.73
63,Port Alfred,ZA,2022-01-22 23:13:16,-33.5906,26.891,72.37,74,0,26.75
64,Bluff,NZ,2022-01-22 23:13:16,-46.6,168.3333,56.8,64,50,12.8
65,Tuatapere,NZ,2022-01-22 23:13:16,-46.1333,167.6833,56.82,59,72,7.4
66,Yar-Sale,RU,2022-01-22 23:13:16,66.8333,70.8333,3.78,100,100,1.95
67,Alofi,NU,2022-01-22 23:13:17,-19.0595,-169.9187,81.43,78,67,13.65
68,Banda Aceh,ID,2022-01-22 23:13:17,5.5577,95.3222,77.29,83,49,4.0
69,Pudozh,RU,2022-01-22 23:13:17,61.8099,36.5345,-11.27,100,72,2.55
70,Kroya,ID,2022-01-22 23:13:17,-7.6331,109.2461,77.2,92,100,2.8
71,Acarau,BR,2022-01-22 23:13:18,-2.8856,-40.12,80.01,77,78,11.88
72,Saryg-Sep,RU,2022-01-22 23:13:18,51.5,95.6,0.01,99,100,1.23
73,Mataura,NZ,2022-01-22 23:13:18,-46.1927,168.8643,56.48,45,74,7.02
74,Fairbanks,US,2022-01-22 23:13:19,64.8378,-147.7164,21.31,72,75,0.0
75,Fortuna,US,2022-01-22 23:13:19,40.5982,-124.1573,75.54,41,0,1.01
76,Chokurdakh,RU,2022-01-22 23:13:19,70.6333,147.9167,-18.51,96,100,6.91
77,Petropavlovsk-Kamchatskiy,RU,2022-01-22 23:13:19,53.0452,158.6483,8.78,78,0,11.18
78,Katsuura,JP,2022-01-22 23:13:20,35.1333,140.3,41.18,58,93,8.86
79,Avera,US,2022-01-22 23:13:20,33.194,-82.5271,40.87,84,44,1.3
80,Cidreira,BR,2022-01-22 23:11:14,-30.1811,-50.2056,77.45,86,6,20.94
81,Juneau,US,2022-01-22 23:13:20,58.3019,-134.4197,40.21,96,100,8.01
82,Upernavik,GL,2022-01-22 23:13:21,72.7868,-56.1549,-10.25,65,87,7.31
83,Kozmodemyansk,RU,2022-01-22 23:13:21,56.3367,46.5711,18.43,97,100,3.42
84,Vardo,NO,2022-01-22 23:13:21,70.3705,31.1107,27.93,83,100,36.44
85,Castro,BR,2022-01-22 23:13:22,-24.7911,-50.0119,72.48,74,80,2.91
86,Severo-Kurilsk,RU,2022-01-22 23:13:22,50.6789,156.125,27.77,73,85,16.69
87,Atuona,PF,2022-01-22 23:13:22,-9.8,-139.0333,79.03,72,52,19.33
88,Mar Del Plata,AR,2022-01-22 23:13:22,-38.0023,-57.5575,71.87,93,100,2.3
89,Longyearbyen,SJ,2022-01-22 23:13:23,78.2186,15.6401,31.84,64,20,10.36
90,Cape Town,ZA,2022-01-22 23:12:07,-33.9258,18.4232,83.12,58,59,1.99
91,Omboue,GA,2022-01-22 23:13:23,-1.5746,9.2618,77.13,90,99,8.9
92,Hithadhoo,MV,2022-01-22 23:14:23,-0.6,73.0833,82.56,68,52,16.91
93,Pevek,RU,2022-01-22 23:11:32,69.7008,170.3133,-30.95,93,100,6.87
94,Arraial Do Cabo,BR,2022-01-22 23:14:24,-22.9661,-42.0278,76.26,83,2,17.49
95,Fort Nelson,CA,2022-01-22 23:14:24,58.8053,-122.7002,24.03,96,98,1.72
96,New Norfolk,AU,2022-01-22 23:14:24,-42.7826,147.0587,78.66,42,65,2.33
97,Airai,TL,2022-01-22 23:14:24,-8.9266,125.4092,63.37,82,99,2.46
98,Kafanchan,NG,2022-01-22 23:14:25,9.5833,8.3,67.82,23,3,7.54
99,Lagoa,PT,2022-01-22 23:14:25,39.05,-27.9833,58.08,61,100,7.58
100,Roma,US,2022-01-22 23:14:25,43.2128,-75.4557,24.66,53,0,4.61
101,Tukan,RU,2022-01-22 23:14:26,53.8409,57.4552,0.5,100,97,2.73
102,Mazagao,BR,2022-01-22 23:14:26,-0.115,-51.2894,84.25,88,54,4.54
103,Luderitz,Namibia,2022-01-22 23:14:26,-26.6481,15.1594,81.03,57,99,7.18
104,Norman Wells,CA,2022-01-22 23:14:26,65.282,-126.8329,-1.91,92,100,5.84
105,Chumikan,RU,2022-01-22 23:14:27,54.7183,135.315,-8.41,90,9,18.54
106,Bowen,AU,2022-01-22 23:14:27,-20.0167,148.2333,82.33,66,68,16.73
107,Shache,CN,2022-01-22 23:14:27,38.4167,77.2406,25.72,51,97,2.42
108,Brae,GB,2022-01-22 23:14:28,60.3964,-1.353,48.11,83,57,21.68
109,Keelung,TW,2022-01-22 23:14:28,25.1283,121.7419,69.1,94,97,6.2
110,Launceston,AU,2022-01-22 23:14:28,-41.45,147.1667,69.62,67,76,5.01
111,Mahebourg,MU,2022-01-22 23:14:29,-20.4081,57.7,81.25,83,75,10.36
112,Gigmoto,PH,2022-01-22 23:14:29,13.7796,124.39,77.31,85,86,9.04
113,Kalavad,IN,2022-01-22 23:14:30,22.2167,70.3833,58.35,58,0,7.52
114,Sortland,NO,2022-01-22 23:14:30,68.6949,15.4162,41.18,87,100,17.54
115,Corrales,US,2022-01-22 23:14:30,35.2378,-106.6067,51.39,38,0,1.01
116,Lago Da Pedra,BR,2022-01-22 23:14:31,-4.3333,-45.1667,74.41,95,26,3.13
117,Poum,NC,2022-01-22 23:14:31,-20.2333,164.0167,80.17,80,66,13.51
118,Carnarvon,AU,2022-01-22 23:11:06,-24.8667,113.6333,82.47,42,25,8.05
119,Mashhad,IR,2022-01-22 23:14:32,36.297,59.6062,24.94,74,0,0.0
120,Zyryanka,RU,2022-01-22 23:14:33,65.75,150.85,-46.91,100,83,4.27
121,Riverton,US,2022-01-22 23:14:33,40.5219,-111.9391,42.01,65,0,4.0
122,Klaksvik,FO,2022-01-22 23:14:33,62.2266,-6.589,47.32,86,100,31.5
123,Kenora,CA,2022-01-22 23:14:33,49.8167,-94.4337,-9.42,96,100,3.36
124,Camacha,PT,2022-01-22 23:14:34,33.0833,-16.3333,60.22,82,40,8.05
125,Pelym,RU,2022-01-22 23:14:34,61.0108,61.9978,12.33,98,97,2.06
126,Henties Bay,Namibia,2022-01-22 23:14:34,-22.116,14.2845,73.85,83,100,5.19
127,Nikolskoye,RU,2022-01-22 23:14:35,59.7035,30.7861,19.29,100,95,0.87
128,Hurricane,US,2022-01-22 23:14:35,37.1753,-113.2899,59.34,37,5,12.03
129,Baykit,RU,2022-01-22 23:14:35,61.67,96.37,0.07,100,100,1.03
130,Chipiona,ES,2022-01-22 23:10:03,36.7366,-6.437,55.62,71,0,13.8
131,Ostrovnoy,RU,2022-01-22 23:14:36,68.0531,39.5131,13.66,92,25,21.79
132,Bambous Virieux,MU,2022-01-22 23:15:36,-20.3428,57.7575,81.21,83,75,10.36
133,Faanui,PF,2022-01-22 23:15:36,-16.4833,-151.75,81.3,76,100,16.33
134,Santa Eulalia,PE,2022-01-22 23:15:36,-11.85,-76.6833,47.48,89,93,5.28
135,Weligama,LK,2022-01-22 23:15:37,5.9667,80.4167,71.55,87,87,3.33
136,Kodiak,US,2022-01-22 23:15:37,57.79,-152.4072,38.71,93,100,4.61
137,Chokwe,MZ,2022-01-22 23:15:37,-24.5333,32.9833,70.48,83,1,8.57
138,Melita,CA,2022-01-22 23:15:18,49.2681,-100.9967,4.95,96,97,5.93
139,Punta Alta,AR,2022-01-22 23:15:37,-38.8759,-62.0736,78.78,61,46,12.75
140,Ambilobe,MG,2022-01-22 23:15:38,-13.2,49.05,74.95,94,100,12.82
141,Sao Borja,BR,2022-01-22 23:15:38,-28.6606,-56.0044,93.94,26,28,11.25
142,Buin,CL,2022-01-22 23:15:38,-33.7333,-70.75,82.72,29,0,10.78
143,Tank,PK,2022-01-22 23:15:38,32.2217,70.3793,49.42,76,88,4.83
144,Prieska,ZA,2022-01-22 23:15:39,-29.6641,22.7474,78.57,25,0,6.24
145,Portland,US,2022-01-22 23:15:39,45.5234,-122.6762,54.36,73,20,1.99
146,Bengkulu,ID,2022-01-22 23:15:39,-3.8004,102.2655,75.42,89,100,4.23
147,Tilichiki,RU,2022-01-22 23:15:40,60.4667,166.1,-17.7,85,1,8.19
148,Gat,IL,2022-01-22 23:15:40,31.61,34.7642,50.92,100,8,8.37
149,Yanam,IN,2022-01-22 23:15:41,16.7333,82.2167,68.63,92,1,1.97
150,Amantea,IT,2022-01-22 23:15:41,39.1332,16.0746,37.89,60,2,7.76
151,Biggar,GB,2022-01-22 23:15:41,55.6167,-3.5167,45.23,94,89,6.17
152,Lorengau,PG,2022-01-22 23:15:41,-2.0226,147.2712,81.82,81,97,5.61
153,Kudahuvadhoo,MV,2022-01-22 23:15:42,2.6708,72.8944,80.35,67,35,10.83
154,Lompoc,US,2022-01-22 23:15:42,34.6391,-120.4579,70.11,42,0,9.22
155,Dikson,RU,2022-01-22 23:15:42,73.5069,80.5464,-6.77,100,93,7.92
156,Kapaa,US,2022-01-22 23:15:42,22.0752,-159.319,76.98,75,100,5.99
157,Coihaique,CL,2022-01-22 23:15:43,-45.5752,-72.0662,53.55,54,40,5.75
158,Bartica,GY,2022-01-22 23:15:43,6.4,-58.6167,77.32,90,99,3.4
159,Saint-Philippe,RE,2022-01-22 23:15:44,-21.3585,55.7679,80.19,84,79,15.9
160,Oktyabrskiy,RU,2022-01-22 23:15:44,54.4815,53.471,11.91,89,100,4.56
161,Meulaboh,ID,2022-01-22 23:15:45,4.1363,96.1285,75.43,88,42,3.49
162,Prado,BR,2022-01-22 23:15:45,-17.3411,-39.2208,76.12,86,15,7.49
163,Lavrentiya,RU,2022-01-22 23:15:45,65.5833,-171.0,1.36,98,100,5.68
164,Broken Hill,AU,2022-01-22 23:15:45,-31.95,141.4333,81.19,36,100,17.98
165,Solano,US,2022-01-22 23:15:46,38.2333,-121.9511,70.45,37,0,17.27
166,Suba,PH,2022-01-22 23:15:46,10.8438,121.0102,80.08,80,75,13.02
167,Khani,GE,2022-01-22 23:15:47,41.9563,42.9566,36.97,70,100,10.2
168,Itoman,JP,2022-01-22 23:15:47,26.1247,127.6694,65.17,96,75,19.57
169,San Rafael,AR,2022-01-22 23:14:05,-34.6177,-68.3301,91.94,20,1,12.88
170,Mecca,SA,2022-01-22 23:14:52,21.4267,39.8261,69.12,79,46,3.69
171,Boundiali,CI,2022-01-22 23:15:47,9.5217,-6.4869,72.79,15,5,5.12
172,Cherskiy,RU,2022-01-22 23:15:48,68.75,161.3,-49.0,100,100,6.38
173,Skjervoy,NO,2022-01-22 23:15:48,70.0311,20.9714,38.7,88,100,34.67
174,Thompson,CA,2022-01-22 23:15:48,55.7435,-97.8558,-16.44,69,0,6.91
175,Kahului,US,2022-01-22 23:11:55,20.8947,-156.47,81.97,67,20,21.85
176,Senneterre,CA,2022-01-22 23:15:49,48.3835,-77.2328,8.82,91,100,14.54
177,Tasiilaq,GL,2022-01-22 23:15:49,65.6145,-37.6368,10.56,46,3,16.75
178,Batemans Bay,AU,2022-01-22 23:16:49,-35.7167,150.1833,74.19,65,77,3.53
179,Meridian,US,2022-01-22 23:16:49,43.6121,-116.3915,37.8,75,40,5.99
180,Ust-Maya,RU,2022-01-22 23:16:50,60.4167,134.5333,-12.21,99,100,0.45
181,Zhangjiakou,CN,2022-01-22 23:16:50,40.81,114.8794,17.78,88,14,0.78
182,Swellendam,ZA,2022-01-22 23:16:50,-34.0226,20.4417,80.55,55,37,2.35
183,Solnechnyy,RU,2022-01-22 23:16:50,50.7214,136.6319,-14.51,96,28,2.48
184,Port Hawkesbury,CA,2022-01-22 23:16:51,45.6169,-61.3485,22.91,81,100,5.01
185,Sompeta,IN,2022-01-22 23:16:51,18.9333,84.6,69.91,65,1,2.93
186,Ponta Do Sol,PT,2022-01-22 23:16:51,32.6667,-17.1,64.71,79,63,4.7
187,Ilulissat,GL,2022-01-22 23:16:51,69.2167,-51.1,3.22,55,29,23.02
188,Tukrah,LY,2022-01-22 23:16:52,32.5341,20.5791,54.59,59,91,20.78
189,Port Blair,IN,2022-01-22 23:16:52,11.6667,92.75,71.64,94,20,2.3
190,Koumac,NC,2022-01-22 23:16:52,-20.5667,164.2833,81.48,78,70,9.37
191,Diffa,NE,2022-01-22 23:16:53,13.3154,12.6113,63.97,17,4,9.48
192,Cururupu,BR,2022-01-22 23:16:53,-1.8283,-44.8683,75.78,87,90,3.4
193,Sitka,US,2022-01-22 23:16:53,57.0531,-135.33,44.49,87,100,11.5
194,Kafue,ZM,2022-01-22 23:16:53,-15.7691,28.1814,62.44,93,51,3.47
195,Ahipara,NZ,2022-01-22 23:16:54,-35.1667,173.1667,73.36,55,97,6.51
196,Samarai,PG,2022-01-22 23:16:54,-10.6167,150.6667,82.94,73,84,4.83
197,Severodvinsk,RU,2022-01-22 23:16:54,64.5635,39.8302,14.11,98,52,6.53
198,Anadyr,RU,2022-01-22 23:16:54,64.75,177.4833,-3.5,83,100,0.0
199,Los Llanos De Aridane,ES,2022-01-22 23:16:55,28.6585,-17.9182,60.55,83,0,7.0
200,Erzin,TR,2022-01-22 23:16:55,36.9559,36.2,38.12,88,93,5.41
201,Namatanai,PG,2022-01-22 23:16:55,-3.6667,152.4333,84.02,70,15,2.59
202,Mayumba,GA,2022-01-22 23:16:56,-3.432,10.6554,76.51,90,30,6.44
203,Puerto Varas,CL,2022-01-22 23:16:56,-41.3195,-72.9854,60.85,63,100,11.5
204,Kavieng,PG,2022-01-22 23:16:56,-2.5744,150.7967,83.91,71,89,4.43
205,Mokrousovo,RU,2022-01-22 23:16:56,55.8103,66.7653,-7.53,100,93,2.62
206,Biu,NG,2022-01-22 23:16:57,10.6129,12.1946,64.06,27,16,9.46
207,Geraldton,AU,2022-01-22 23:16:57,-28.7667,114.6,80.13,29,0,8.05
208,Kandrian,PG,2022-01-22 23:16:57,-6.2167,149.55,83.34,74,100,8.25
209,Kavaratti,IN,2022-01-22 23:16:57,10.5669,72.642,79.34,69,95,12.62
210,Port Antonio,JM,2022-01-22 23:14:32,18.18,-76.4612,78.94,80,15,7.05
211,Mercedes,AR,2022-01-22 23:16:58,-34.6515,-59.4307,80.92,75,87,8.95
212,Bara,NG,2022-01-22 23:16:58,10.3744,10.7288,67.24,25,7,10.27
213,Aswan,EG,2022-01-22 23:16:58,24.0934,32.907,50.77,39,0,10.04
214,Antofagasta,CL,2022-01-22 23:16:53,-23.65,-70.4,65.48,79,35,8.52
215,Sawang Daen Din,TH,2022-01-22 23:16:59,17.4753,103.4575,73.08,99,91,3.24
216,Simav,TR,2022-01-22 23:16:59,39.0882,28.9777,14.43,94,100,7.02
217,Anaconda,US,2022-01-22 23:16:59,46.1285,-112.9423,36.97,73,2,1.99
218,Tsabong,BW,2022-01-22 23:17:00,-26.0217,22.401,73.98,23,3,12.3
219,Prince Rupert,CA,2022-01-22 23:15:31,54.3161,-130.3201,48.29,47,100,9.22
220,Nanortalik,GL,2022-01-22 23:17:00,60.1432,-45.2371,8.8,70,21,8.77
221,Cleethorpes,GB,2022-01-22 23:17:00,53.5605,-0.0323,43.56,87,100,5.75
222,Tonota,BW,2022-01-22 23:12:00,-21.4833,27.4833,67.51,54,61,15.46
223,Makakilo City,US,2022-01-22 23:17:00,21.3469,-158.0858,80.92,58,20,8.05
224,Narsaq,GL,2022-01-22 23:17:01,60.9167,-46.05,7.02,68,26,7.58
225,Tynda,RU,2022-01-22 23:17:01,55.1667,124.7167,-21.03,99,7,3.56
226,State College,US,2022-01-22 23:14:27,40.7934,-77.86,22.89,57,40,1.01
227,Lethem,GY,2022-01-22 23:18:01,3.3803,-59.7968,84.7,56,99,11.16
228,Atbasar,KZ,2022-01-22 23:18:02,51.8,68.3333,3.58,89,100,6.96
229,Grand Gaube,MU,2022-01-22 23:18:02,-20.0064,57.6608,81.37,82,42,5.99
230,Urumqi,CN,2022-01-22 23:18:02,43.801,87.6005,11.35,92,75,6.71
231,Khatanga,RU,2022-01-22 23:18:03,71.9667,102.5,14.2,94,100,12.82
232,Kaniama,CD,2022-01-22 23:18:03,-7.5667,24.1833,63.64,96,94,2.95
233,Bethel,US,2022-01-22 23:16:17,41.3712,-73.414,26.55,67,0,0.0
234,Pao De Acucar,BR,2022-01-22 23:18:04,-9.7483,-37.4367,82.02,64,46,14.29
235,Provideniya,RU,2022-01-22 23:18:04,64.3833,-173.3,-0.74,100,96,5.88
236,Saskylakh,RU,2022-01-22 23:18:04,71.9167,114.0833,3.11,97,97,4.79
237,Hohhot,CN,2022-01-22 23:18:04,40.8106,111.6522,23.29,86,20,2.24
238,Clyde River,CA,2022-01-22 23:18:05,70.4692,-68.5914,-10.97,77,100,17.27
239,Yarim,YE,2022-01-22 23:18:05,14.298,44.3779,50.05,76,37,2.01
240,Banjarmasin,ID,2022-01-22 23:18:05,-3.3244,114.591,75.34,91,82,1.86
241,Hami,CN,2022-01-22 23:18:05,42.8,93.45,23.32,55,4,3.6
242,Lebu,CL,2022-01-22 23:16:16,-37.6167,-73.65,60.76,66,11,6.73
243,Rocha,UY,2022-01-22 23:18:06,-34.4833,-54.3333,76.33,93,31,2.82
244,Moerai,PF,2022-01-22 23:18:07,-22.4333,-151.3333,79.83,74,100,19.51
245,Bani Walid,LY,2022-01-22 23:18:07,31.7566,13.9942,48.43,77,0,10.04
246,Praia Da Vitoria,PT,2022-01-22 23:18:07,38.7333,-27.0667,57.76,94,75,6.58
247,Nurobod,UZ,2022-01-22 23:18:08,40.9056,69.8023,29.25,92,100,2.42
248,Imbituba,BR,2022-01-22 23:13:36,-28.24,-48.6703,85.89,81,1,15.93
249,Eureka,US,2022-01-22 23:18:08,40.8021,-124.1637,75.81,41,0,3.0
250,Aktash,RU,2022-01-22 23:18:08,50.3,87.7333,-18.49,86,52,4.45
251,Pasighat,IN,2022-01-22 23:18:09,28.0667,95.3333,52.02,80,10,3.18
252,Anton Lizardo,MX,2022-01-22 23:18:10,19.05,-95.9833,69.22,81,93,17.98
253,Fujin,CN,2022-01-22 23:18:10,47.26,132.0322,-19.23,99,22,4.74
254,Novikovo,RU,2022-01-22 23:18:11,51.1537,37.8879,13.57,98,93,4.72
255,Millinocket,US,2022-01-22 23:18:11,45.6573,-68.7098,7.56,71,0,0.0
256,Tazovskiy,RU,2022-01-22 23:18:11,67.4667,78.7,14.68,95,100,10.36
257,Kununurra,AU,2022-01-22 23:18:11,-15.7667,128.7333,82.38,94,40,4.61
258,Ryotsu,JP,2022-01-22 23:18:12,38.0833,138.4333,33.76,60,90,1.43
259,Dingle,PH,2022-01-22 23:18:12,10.9995,122.6711,74.53,92,27,7.34
260,Niquero,CU,2022-01-22 23:18:12,20.0431,-77.5828,77.43,75,7,6.89
261,Hirara,JP,2022-01-22 23:18:12,24.8,125.2833,71.46,100,75,12.66
262,Bandarbeyla,SO,2022-01-22 23:18:14,9.4942,50.8122,76.12,71,98,22.26
263,Ulaangom,MN,2022-01-22 23:18:14,49.9811,92.0667,-7.73,81,54,4.41
264,Vao,NC,2022-01-22 23:18:14,-22.6667,167.4833,77.14,86,15,11.01
265,Santa Cruz Del Norte,CU,2022-01-22 23:14:00,23.1539,-81.9236,77.74,80,94,10.27
266,West Bay,KY,2022-01-22 23:18:16,19.3667,-81.4167,75.27,88,40,4.61
267,Ajdabiya,LY,2022-01-22 23:18:16,30.7554,20.2263,55.47,75,16,13.8
268,Constitucion,CL,2022-01-22 23:15:56,-35.3333,-72.4167,64.27,78,4,12.46
269,Funadhoo,MV,2022-01-22 23:18:16,6.15,73.2667,80.65,64,100,5.53
270,Arsenyev,RU,2022-01-22 23:18:17,44.1631,133.2733,-10.32,98,37,1.5
271,Tyssedal,NO,2022-01-22 23:19:17,60.1165,6.562,45.88,99,100,4.74
272,Caldwell,US,2022-01-22 23:15:10,43.6629,-116.6874,38.61,75,100,10.36
273,Sao Filipe,CV,2022-01-22 23:19:17,14.8961,-24.4956,74.64,74,89,4.7
274,Antalaha,MG,2022-01-22 23:19:18,-14.9003,50.2788,75.07,87,100,3.04
275,Kutum,SD,2022-01-22 23:19:18,14.2,24.6667,56.75,15,13,5.59
276,Derzhavinsk,KZ,2022-01-22 23:19:18,51.1,66.3167,3.0,87,96,7.67
277,Vwawa,TZ,2022-01-22 23:19:19,-9.1167,32.9333,59.2,95,95,3.15
278,High Level,CA,2022-01-22 23:19:19,58.5169,-117.136,1.51,85,100,9.22
279,San Patricio,US,2022-01-22 23:19:19,28.017,-97.5169,56.12,42,100,7.38
280,Kapitan Ramon,PH,2022-01-22 23:19:20,10.7749,123.1256,74.59,87,24,7.25
281,Stanislav,UA,2022-01-22 23:19:20,46.5691,32.1478,28.85,72,35,8.25
282,Turukhansk,RU,2022-01-22 23:19:20,65.8167,87.9833,6.94,94,100,12.46
283,Jamame,SO,2022-01-22 23:19:21,0.0722,42.7506,77.14,78,66,13.71
284,Sunam,IN,2022-01-22 23:19:21,30.1333,75.8,51.44,96,99,11.39
285,Sibu,MY,2022-01-22 23:19:21,2.3,111.8167,75.51,100,40,0.0
286,Palu,ID,2022-01-22 23:19:22,-0.8917,119.8707,75.43,83,21,2.46
287,Flinders,AU,2022-01-22 23:19:22,-34.5833,150.8552,76.17,73,79,5.01
288,Tulun,RU,2022-01-22 23:19:23,54.5611,100.5792,7.61,97,100,3.36
289,Lushoto,TZ,2022-01-22 23:19:23,-4.7833,38.2833,59.49,88,100,4.34
290,Agadir,MA,2022-01-22 23:19:23,30.4202,-9.5982,64.85,54,98,2.53
291,Kaeo,NZ,2022-01-22 23:19:24,-35.1,173.7833,73.33,71,91,10.67
292,Santa Vitoria Do Palmar,BR,2022-01-22 23:19:24,-33.5189,-53.3681,77.81,88,30,4.29
293,Tello,CO,2022-01-22 23:19:24,3.0669,-75.1378,81.16,66,39,4.5
294,Kemijarvi,FI,2022-01-22 23:19:25,66.7131,27.4306,21.22,90,99,17.05
295,Miles City,US,2022-01-22 23:19:25,46.4083,-105.8406,43.52,65,100,14.97
296,Westport,US,2022-01-22 23:16:53,41.1415,-73.3579,28.54,70,0,3.0
297,Tashtagol,RU,2022-01-22 23:19:25,52.7657,87.8894,-5.98,100,56,2.73
298,Vila Velha,BR,2022-01-22 23:19:25,-20.3297,-40.2925,78.44,82,0,2.3
299,Akureyri,IS,2022-01-22 23:19:26,65.6835,-18.0878,35.53,80,100,12.66
300,Bayir,TR,2022-01-22 23:19:26,37.2687,28.2167,32.52,90,98,10.18
301,Aksu,CN,2022-01-22 23:19:26,41.1231,80.2644,23.77,56,77,3.38
302,Russellville,US,2022-01-22 23:19:27,35.2784,-93.1338,44.74,34,0,6.91
303,Masterton,NZ,2022-01-22 23:19:27,-40.9597,175.6575,70.97,45,5,6.02
304,Saint-Francois,FR,2022-01-22 23:19:27,46.4154,3.9054,37.47,89,75,0.0
305,Peleduy,RU,2022-01-22 23:19:28,59.6289,112.7406,-13.61,100,95,2.64
306,Kiama,AU,2022-01-22 23:19:28,-34.6833,150.8667,76.37,80,84,6.64
307,Fare,PF,2022-01-22 23:19:28,-16.7,-151.0167,80.37,79,100,14.76
308,Labuhan,ID,2022-01-22 23:19:29,-6.8844,112.2051,76.84,88,100,7.54
309,Gezing,AT,2022-01-22 23:19:29,47.9178,13.1299,36.01,99,75,3.44
310,Ler,SS,2022-01-22 23:19:29,8.3018,30.1418,76.57,29,87,5.1
311,Angatuba,BR,2022-01-22 23:19:29,-23.4897,-48.4128,73.89,65,0,6.71
312,Chuy,UY,2022-01-22 23:19:30,-33.6971,-53.4616,76.93,92,29,5.84
313,Nome,US,2022-01-22 23:19:30,64.5011,-165.4064,6.87,85,100,5.75
314,Port-Gentil,GA,2022-01-22 23:19:30,-0.7193,8.7815,80.53,82,69,9.28
315,Hasaki,JP,2022-01-22 23:19:31,35.7333,140.8333,36.28,79,100,8.81
316,Leningradskiy,RU,2022-01-22 23:20:31,69.3833,178.4167,-18.71,92,100,14.9
317,Deputatskiy,RU,2022-01-22 23:20:31,69.3,139.9,-7.37,97,100,4.63
318,Seoul,KR,2022-01-22 23:17:31,37.5683,126.9778,29.71,63,0,4.61
319,Gravdal,NO,2022-01-22 23:20:32,68.1214,13.5031,39.94,78,100,32.26
320,Dubrovka,RU,2022-01-22 23:20:32,53.6907,33.5071,17.58,100,96,4.18
321,Halifax,CA,2022-01-22 23:19:56,44.6453,-63.5724,20.21,85,100,4.0
322,Mantua,IT,2022-01-22 23:20:32,45.1667,10.7833,42.28,89,6,1.99
323,Killybegs,IE,2022-01-22 23:20:32,54.6333,-8.45,42.46,78,100,11.14
324,Desur,IN,2022-01-22 23:19:19,12.4333,79.4833,70.77,96,24,6.02
325,Nuuk,GL,2022-01-22 23:20:33,64.1835,-51.7216,14.88,72,100,11.99
326,Lola,GN,2022-01-22 23:20:33,7.8,-8.5333,70.09,20,19,3.06
327,Gold Coast,AU,2022-01-22 23:20:33,-28.0,153.4333,80.35,80,40,8.01
328,Awjilah,LY,2022-01-22 23:20:34,29.1081,21.2869,52.54,56,0,8.93
329,Harnosand,SE,2022-01-22 23:20:34,62.6323,17.9379,30.99,87,100,8.19
330,Laguna,US,2022-01-22 23:20:34,38.421,-121.4238,69.19,63,0,1.99
331,Touros,BR,2022-01-22 23:20:34,-5.1989,-35.4608,81.5,71,2,11.41
332,Grindavik,IS,2022-01-22 23:20:35,63.8424,-22.4338,34.27,93,75,23.02
333,Karpogory,RU,2022-01-22 23:20:35,64.0019,44.4451,-3.48,99,37,4.03
334,Saint-Augustin,CA,2022-01-22 23:20:35,51.226,-58.6502,-3.33,100,18,3.13
335,Udachnyy,RU,2022-01-22 23:20:36,66.4167,112.4,-13.47,99,37,3.87
336,Tanete,ID,2022-01-22 23:20:36,-3.9443,119.7848,76.26,91,84,4.16
337,Fort Saint James,CA,2022-01-22 23:20:36,54.4333,-124.25,34.34,95,100,2.01
338,Caravelas,BR,2022-01-22 23:20:37,-17.7125,-39.2481,76.93,81,10,6.26
339,Waitati,NZ,2022-01-22 23:20:37,-45.75,170.5667,61.81,57,64,9.35
340,Jabinyanah,TN,2022-01-22 23:20:37,35.035,10.9081,51.6,68,95,9.95
341,Sorland,NO,2022-01-22 23:20:37,67.667,12.6934,39.94,88,100,27.07
342,Motygino,RU,2022-01-22 23:20:38,58.1831,94.7592,-15.21,100,99,2.44
343,San Cristobal,VE,2022-01-22 23:20:38,7.7669,-72.225,75.38,73,25,3.04
344,Tomatlan,MX,2022-01-22 23:20:38,19.9333,-105.25,82.53,58,27,8.97
345,Mohan,IN,2022-01-22 23:20:39,26.7833,80.6833,53.55,66,67,9.6
346,Vestmanna,FO,2022-01-22 23:20:39,62.1564,-7.1664,45.52,87,100,16.11
347,Pabellon De Hidalgo,MX,2022-01-22 23:20:39,22.1667,-102.35,70.59,26,49,17.49
348,Riyadh,SA,2022-01-22 23:17:20,24.6877,46.7219,46.54,27,0,6.53
349,Kayerkan,RU,2022-01-22 23:20:39,69.3497,87.7602,12.52,92,100,21.5
350,Sakhon Nakhon,TH,2022-01-22 23:20:40,17.1612,104.1472,67.95,100,75,0.0
351,Jalu,LY,2022-01-22 23:20:40,29.0331,21.5482,52.54,53,0,8.97
352,Cravo Norte,CO,2022-01-22 23:20:40,6.3017,-70.2041,84.34,49,80,6.04
353,Kysyl-Syr,RU,2022-01-22 23:20:41,63.8986,122.7617,-20.0,100,93,3.56
354,Wellington,NZ,2022-01-22 23:20:23,-41.2866,174.7756,69.76,76,100,8.05
355,Mogadishu,SO,2022-01-22 23:20:41,2.0371,45.3438,77.32,77,100,20.65
356,Russell,US,2022-01-22 23:20:42,32.3502,-85.1999,46.0,79,0,0.0
357,Svetlogorsk,BY,2022-01-22 23:20:42,52.6333,29.7333,15.35,93,99,9.4
358,Churapcha,RU,2022-01-22 23:20:42,62.0025,132.4325,-16.51,99,100,1.79
359,Freeport,US,2022-01-22 23:20:42,40.6576,-73.5832,29.17,65,0,1.01
360,Nyrob,RU,2022-01-22 23:20:43,60.733,56.7202,-7.96,100,100,2.53
361,Cayenne,GF,2022-01-22 23:20:43,4.9333,-52.3333,76.08,91,0,1.01
362,Phonhong,LA,2022-01-22 23:20:43,18.5007,102.4166,64.22,94,53,2.3
363,Buala,SB,2022-01-22 23:20:43,-8.145,159.5921,85.66,72,26,8.03
364,Tatui,BR,2022-01-22 23:20:44,-23.3556,-47.8569,73.67,62,0,7.43
365,Marienburg,PL,2022-01-22 23:21:44,54.0359,19.0266,33.12,82,99,8.43
366,Iskateley,RU,2022-01-22 23:21:44,67.6803,53.1512,14.18,96,100,9.01
367,Kirakira,SB,2022-01-22 23:21:45,-10.4544,161.9205,85.33,73,81,9.53
368,Tabou,CI,2022-01-22 23:21:46,4.423,-7.3528,78.42,82,5,9.95
369,Moron,AR,2022-01-22 23:21:46,-34.6534,-58.6198,71.35,77,71,8.84
370,Ponta Delgada,PT,2022-01-22 23:21:46,37.7333,-25.6667,60.49,67,75,5.75
371,Half Moon Bay,US,2022-01-22 23:21:47,37.4636,-122.4286,69.64,36,0,8.05
372,Kembe,CF,2022-01-22 23:21:47,4.6228,21.8865,70.97,35,54,3.56
373,Batagay,RU,2022-01-22 23:21:47,67.6333,134.6333,-15.43,97,100,2.73
374,Douentza,ML,2022-01-22 23:21:48,14.9951,-2.9517,65.57,15,45,6.49
375,Santa Ana,US,2022-01-22 23:21:48,33.7456,-117.8678,74.08,20,20,11.99
376,Youghal,IE,2022-01-22 23:21:48,51.95,-7.8506,44.02,90,20,1.48
377,Malia,GR,2022-01-22 23:21:48,35.2833,25.4667,46.26,75,100,20.6
378,Petlawad,IN,2022-01-22 23:21:49,23.0,74.8,54.75,62,0,7.18
379,Ibipeba,BR,2022-01-22 23:21:49,-11.6408,-42.0111,74.79,66,97,2.89
380,Pedernales,DO,2022-01-22 23:21:49,18.0384,-71.744,78.44,66,2,6.08
381,Shakiso,ET,2022-01-22 23:21:50,5.75,38.9167,55.51,44,92,3.71
382,Novouzensk,RU,2022-01-22 23:21:50,50.4592,48.1431,22.89,95,100,12.59
383,Lowestoft,GB,2022-01-22 23:21:50,52.4752,1.7516,41.95,93,63,5.77
384,Port Augusta,AU,2022-01-22 23:19:20,-32.5,137.7667,75.7,71,88,16.33
385,Ewa Beach,US,2022-01-22 23:17:58,21.3156,-158.0072,82.35,57,20,8.05
386,Zonguldak,TR,2022-01-22 23:21:51,41.25,31.8333,26.73,98,100,5.28
387,Suixi,CN,2022-01-22 23:21:51,33.8907,116.7747,36.43,89,100,13.11
388,Brigham City,US,2022-01-22 23:21:24,41.5102,-112.0155,39.18,69,0,1.01
389,Pocone,BR,2022-01-22 23:17:46,-16.2567,-56.6228,83.43,56,35,4.88
390,Zinder,NE,2022-01-22 23:21:51,13.8072,8.9881,60.51,14,15,10.76
391,Iasi,RO,2022-01-22 23:16:58,47.1667,27.6,28.81,78,91,12.66
392,Maragogi,BR,2022-01-22 23:21:52,-9.0122,-35.2225,80.11,74,15,9.33
393,Auki,SB,2022-01-22 23:21:52,-8.7676,160.7034,85.87,69,11,7.05
394,Sulangan,PH,2022-01-22 23:21:52,11.1373,123.7228,78.98,82,66,12.41
395,Komsomolskiy,UZ,2022-01-22 23:21:52,40.4272,71.7189,35.02,80,75,2.3
396,Saldanha,ZA,2022-01-22 23:21:53,-33.0117,17.9442,86.05,66,72,4.72
397,Forbes,AU,2022-01-22 23:21:54,-33.3833,148.0167,73.2,46,2,8.14
398,Cabo San Lucas,MX,2022-01-22 23:18:18,22.8909,-109.9124,79.52,48,20,4.0
399,Ayame,CI,2022-01-22 23:21:54,5.6083,-3.1563,73.38,79,2,2.75
400,Sungai Besar,MY,2022-01-22 23:18:55,3.6746,100.9867,75.25,88,53,3.38
401,Tiarei,PF,2022-01-22 23:21:55,-17.5333,-149.3333,84.22,78,100,19.39
402,Kismayo,SO,2022-01-22 23:21:55,-0.3582,42.5454,77.97,83,88,15.88
403,Port-Cartier,CA,2022-01-22 23:21:55,50.0334,-66.8654,3.74,92,16,3.89
404,Iralaya,HN,2022-01-22 23:21:55,15.0,-83.2333,78.89,80,1,7.18
405,Wagar,SD,2022-01-22 23:21:56,16.1525,36.2032,67.1,64,29,11.5
406,College,US,2022-01-22 23:21:56,64.8569,-147.8028,10.06,77,75,0.0
407,Les Cayes,HT,2022-01-22 23:21:56,18.2,-73.75,77.25,76,62,6.06
408,Yulara,AU,2022-01-22 23:21:56,-25.2406,130.9889,84.04,58,4,11.5
409,Bure,ET,2022-01-22 23:21:57,10.7,37.0667,57.7,61,96,4.18
410,Whitehorse,CA,2022-01-22 23:21:57,60.7161,-135.0538,39.97,69,75,21.85
411,Carballo,ES,2022-01-22 23:21:58,43.213,-8.691,43.68,85,6,3.53
412,Ossora,RU,2022-01-22 23:35:30,59.2353,163.0719,-10.1,84,5,3.13
413,Pangnirtung,CA,2022-01-22 23:35:30,66.1451,-65.7125,0.34,94,100,6.67
414,Taoudenni,ML,2022-01-22 23:35:31,22.6783,-3.9836,65.17,21,91,10.83
415,Northam,GB,2022-01-22 23:35:31,51.0333,-4.2167,43.02,85,59,2.89
416,Esperance,AU,2022-01-22 23:35:31,-33.8667,121.9,66.04,65,61,3.58
417,Port Hedland,AU,2022-01-22 23:35:31,-20.3167,118.5667,86.05,84,40,6.91
418,Santa Lucia,ES,2022-01-22 23:35:32,27.9117,-15.5407,56.52,77,0,4.61
419,Yabelo,ET,2022-01-22 23:35:32,4.8833,38.0833,61.59,31,81,17.43
420,Tabuk,PH,2022-01-22 23:35:33,17.4189,121.4443,72.18,90,50,3.6
421,Bamiantong,CN,2022-01-22 23:35:33,44.9333,130.5333,-3.26,88,96,2.21
422,Santa Isabel Do Rio Negro,BR,2022-01-22 23:35:33,-0.4139,-65.0192,74.23,99,100,2.66
423,Thinadhoo,MV,2022-01-22 23:32:01,0.5333,72.9333,83.17,63,94,15.84
424,Palmerston,AU,2022-01-22 23:35:34,-12.486,130.9833,78.78,94,75,3.44
425,Igdir,TR,2022-01-22 23:35:34,39.9237,44.045,15.73,67,99,3.51
426,Puerto Colombia,CO,2022-01-22 23:35:34,10.9878,-74.9547,80.69,82,8,25.39
427,Dubai,AE,2022-01-22 23:35:18,25.2582,55.3047,61.09,63,20,5.75
428,Sisimiut,GL,2022-01-22 23:35:34,66.9395,-53.6735,6.39,74,100,17.07
429,Beloha,MG,2022-01-22 23:35:35,-25.1667,45.05,76.84,83,98,18.39
430,Aklavik,CA,2022-01-22 23:35:35,68.2191,-135.0107,-3.28,71,75,10.36
431,Triunfo,BR,2022-01-22 23:35:35,-29.9433,-51.7181,95.02,52,67,7.78
432,Camana,PE,2022-01-22 23:35:36,-16.6228,-72.7111,72.52,87,100,8.28
433,Vila Franca Do Campo,PT,2022-01-22 23:35:36,37.7167,-25.4333,60.19,69,70,5.66
434,Quang Ngai,VN,2022-01-22 23:35:36,15.1167,108.8,70.27,92,43,3.38
435,Mount Isa,AU,2022-01-22 23:31:11,-20.7333,139.5,80.37,83,75,6.91
436,Tocopilla,CL,2022-01-22 23:35:37,-22.092,-70.1979,69.76,76,72,9.91
437,Dumas,US,2022-01-22 23:35:37,35.8656,-101.9732,48.11,49,1,10.36
438,Kloulklubed,PW,2022-01-22 23:35:37,7.0419,134.2556,79.3,80,98,22.79
439,Mehamn,NO,2022-01-22 23:35:38,71.0357,27.8492,29.61,79,100,32.57
440,Reconquista,AR,2022-01-22 23:32:52,-29.15,-59.65,95.67,29,52,9.62
441,Bull Savanna,JM,2022-01-22 23:35:38,17.8868,-77.5902,73.76,81,36,6.46
442,Cooma,AU,2022-01-22 23:35:38,-36.2333,149.1333,64.17,72,40,11.5
443,Presidente Medici,BR,2022-01-22 23:35:39,-11.1753,-61.9014,72.46,98,85,4.7
444,Nieuw Amsterdam,SR,2022-01-22 23:35:39,5.8833,-55.0833,76.01,94,40,0.0
445,Neryungri,RU,2022-01-22 23:35:39,56.6709,124.6491,-16.08,100,95,1.74
446,Nueva Loja,EC,2022-01-22 23:35:39,0.0847,-76.8828,78.03,78,69,1.54
447,Kabompo,ZM,2022-01-22 23:35:40,-13.5927,24.2008,62.53,96,61,4.97
448,Yelizovo,RU,2022-01-22 23:35:40,53.1873,158.3805,10.54,72,0,7.0
449,Edson,CA,2022-01-22 23:35:40,53.5835,-116.4356,50.14,34,1,19.57
450,Adre,TD,2022-01-22 23:35:41,13.4667,22.2,62.89,13,98,9.8
451,Pitimbu,BR,2022-01-22 23:35:41,-7.4706,-34.8086,79.39,75,9,10.09
452,Karasburg,Namibia,2022-01-22 23:35:41,-28.0167,18.75,75.16,54,99,7.11
453,Ancud,CL,2022-01-22 23:35:42,-41.8697,-73.8203,55.22,93,86,23.55
454,Joacaba,BR,2022-01-22 23:35:42,-27.1781,-51.5047,77.49,65,67,1.95
455,Shaunavon,CA,2022-01-22 23:35:42,49.6501,-108.4181,37.18,94,86,16.67
456,Codrington,AU,2022-01-22 23:35:43,-38.2667,141.9667,86.41,27,100,5.44
457,Manaure,CO,2022-01-22 23:35:43,11.7751,-72.4445,87.91,71,39,19.77
458,Ixtapa,MX,2022-01-22 23:36:43,20.7,-105.2,79.23,73,0,8.05
459,Katherine,AU,2022-01-22 23:36:43,-14.4667,132.2667,77.32,83,100,3.44
460,Klyuchi,RU,2022-01-22 23:36:44,52.2667,79.1667,-12.39,100,40,2.08
461,Amalfi,CO,2022-01-22 23:36:44,6.9102,-75.0776,61.81,98,86,1.79
462,Wanning,CN,2022-01-22 23:36:45,18.8003,110.3967,70.97,92,61,4.52
463,Tiznit,MA,2022-01-22 23:36:45,29.5833,-9.5,61.83,31,82,8.75
464,Payo,ID,2022-01-22 23:36:45,-3.7508,103.6372,72.48,96,89,0.98
465,Shenxian,CN,2022-01-22 23:36:46,36.2411,115.6672,31.69,90,100,10.8
466,Truro,GB,2022-01-22 23:36:46,50.2653,-5.0544,43.56,90,22,3.47
467,Paciran,ID,2022-01-22 23:36:46,-6.8767,112.3761,78.35,85,100,9.4
468,Sooke,CA,2022-01-22 23:36:47,48.3746,-123.7276,47.19,82,81,16.11
469,Erdaojiang,CN,2022-01-22 23:36:47,41.7764,126.0319,6.24,93,48,2.26
470,Nemuro,JP,2022-01-22 23:36:47,43.3236,145.575,23.58,77,35,8.1
471,Nangomba,TZ,2022-01-22 23:36:48,-10.9,38.5,69.6,98,100,3.02
472,Tchibanga,GA,2022-01-22 23:36:48,-2.85,11.0333,71.71,97,63,1.61
473,Ramos Arizpe,MX,2022-01-22 23:36:48,25.55,-100.9667,63.82,59,38,8.72
474,Svetlyy,RU,2022-01-22 23:36:49,54.675,20.1347,32.97,76,100,11.74
475,Shakawe,BW,2022-01-22 23:36:49,-18.3667,21.85,69.08,47,66,7.31
476,Kupang,ID,2022-01-22 23:36:49,-10.1667,123.5833,79.38,100,75,9.22
477,Kropotkin,RU,2022-01-22 23:36:50,45.4375,40.5756,28.47,95,100,10.29
478,Miri,MY,2022-01-22 23:36:50,4.4148,114.0089,73.54,100,40,0.0
479,Brecksville,US,2022-01-22 23:36:50,41.3198,-81.6268,26.71,66,100,4.0
480,Chaparral,CO,2022-01-22 23:36:51,3.7232,-75.4832,70.77,89,33,4.14
481,Jackson,US,2022-01-22 23:34:36,42.4165,-122.8345,56.37,60,1,3.44
482,Nizhniy Baskunchak,RU,2022-01-22 23:36:52,48.2198,46.8311,28.09,93,100,12.35
483,Esso,RU,2022-01-22 23:36:52,55.9333,158.7,2.39,96,66,5.61
484,Mungeli,IN,2022-01-22 23:36:53,22.0667,81.6833,61.03,79,61,2.28
485,Cheney,US,2022-01-22 23:32:46,47.4874,-117.5758,40.77,91,100,6.91
486,Casablanca,MA,2022-01-22 23:33:26,33.5928,-7.6192,62.33,63,85,4.0
487,Olafsvik,IS,2022-01-22 23:36:53,64.8945,-23.7142,34.81,69,100,28.99
488,Privolnyy,RU,2022-01-22 23:36:54,44.0998,46.6587,33.37,91,100,5.19
489,Kristinehamn,SE,2022-01-22 23:36:54,59.3098,14.1081,32.58,95,96,5.77
490,Alice Springs,AU,2022-01-22 23:36:54,-23.7,133.8833,80.15,74,2,11.5
491,Kirs,RU,2022-01-22 23:36:55,59.3388,52.2447,9.73,96,92,5.17
492,Amalapuram,IN,2022-01-22 23:36:55,16.5833,82.0167,68.94,92,2,1.88
493,Sioux Lookout,CA,2022-01-22 23:36:56,50.1001,-91.917,-7.22,77,40,6.91
494,Campbell River,CA,2022-01-22 23:36:56,50.0163,-125.2446,40.53,91,100,0.6
495,Vostok,RU,2022-01-22 23:36:57,46.4856,135.8833,-6.68,95,64,1.25
496,Hays,US,2022-01-22 23:36:57,30.0502,-98.0336,52.3,37,19,1.99
497,Huesca,ES,2022-01-22 23:36:57,42.1362,-0.4087,38.1,88,0,2.3
498,Puri,IN,2022-01-22 23:36:58,19.8,85.85,64.92,75,3,6.53
499,Provost,CA,2022-01-22 23:36:58,52.3501,-110.2683,23.38,98,100,1.36
500,Hundested,DK,2022-01-22 23:36:58,55.9667,11.8667,39.99,93,98,10.69
501,Sao Joao Do Paraiso,BR,2022-01-22 23:36:59,-15.3136,-42.0144,67.69,92,42,5.19
502,Trelew,AR,2022-01-22 23:36:59,-43.249,-65.3051,75.45,25,80,27.42
503,San Blas,MX,2022-01-22 23:36:59,21.5167,-105.2667,84.09,76,32,3.65
504,Hervey Bay,AU,2022-01-22 23:38:00,-25.2986,152.8535,81.03,77,18,5.99
505,Semirom,IR,2022-01-22 23:38:00,31.4167,51.5667,18.72,42,0,2.44
506,Manacapuru,BR,2022-01-22 23:38:00,-3.2997,-60.6206,75.78,90,73,3.0
507,Gamba,GA,2022-01-22 23:38:00,-2.65,10.0,76.1,91,69,6.46
508,Bhawana,PK,2022-01-22 23:38:01,31.5692,72.649,51.21,93,99,8.3
509,Trencianske Teplice,SK,2022-01-22 23:38:01,48.9106,18.1669,28.26,94,29,3.38
510,Valdivia,CL,2022-01-22 23:38:02,-39.8142,-73.2459,60.89,73,49,5.14
511,Central Point,US,2022-01-22 23:38:02,42.376,-122.9164,58.24,59,0,1.01
512,Linxia,CN,2022-01-22 23:38:02,35.6003,103.2064,27.7,77,99,1.21
513,Taltal,CL,2022-01-22 23:38:03,-25.4,-70.4833,67.91,76,5,5.82
514,Itororo,BR,2022-01-22 23:33:23,-15.1169,-40.0703,70.68,97,9,1.97
515,Yashkul,RU,2022-01-22 23:38:03,46.1711,45.3435,33.87,91,100,12.39
516,Doka,SD,2022-01-22 23:38:03,13.5167,35.7667,72.84,35,63,12.01
517,Cap-Aux-Meules,CA,2022-01-22 23:38:04,47.3821,-61.8597,19.42,68,90,4.61
518,Puerto Madryn,AR,2022-01-22 23:38:04,-42.7692,-65.0385,75.87,26,78,31.09
519,Miahuatlan,MX,2022-01-22 23:38:05,18.5667,-97.4333,55.87,69,34,8.75
520,Cockburn Town,TC,2022-01-22 23:38:05,21.4612,-71.1419,78.42,68,9,11.59
521,North Bend,US,2022-01-22 23:38:06,43.4065,-124.2243,58.91,85,3,7.83
522,Krasnoturansk,RU,2022-01-22 23:38:06,54.3186,91.5639,-12.21,100,88,2.04
523,Boende,CD,2022-01-22 23:38:06,-0.2167,20.8667,75.61,53,50,2.15
524,Dhidhdhoo,MV,2022-01-22 23:37:32,6.8833,73.1,80.37,68,100,6.73
525,Praya,CV,2022-01-22 23:38:07,14.9215,-23.5087,72.14,78,75,9.22
526,Boa Vista,BR,2022-01-22 23:38:07,2.8197,-60.6733,87.78,51,40,5.75
527,Hay River,CA,2022-01-22 23:38:07,60.8156,-115.7999,-2.22,78,100,6.91
528,Alekseyevsk,RU,2022-01-22 23:38:08,57.8406,108.3492,-16.56,100,100,1.59
529,Borba,BR,2022-01-22 23:38:08,-4.3878,-59.5939,75.31,96,97,1.23
530,Havre-Saint-Pierre,CA,2022-01-22 23:38:08,50.2334,-63.5986,17.6,85,75,5.75
531,Salalah,OM,2022-01-22 23:38:09,17.0151,54.0924,66.29,6,31,5.75
532,Jining,CN,2022-01-22 23:38:09,35.405,116.5814,33.58,89,98,7.94
533,Keflavik,IS,2022-01-22 23:38:09,64.0049,-22.5624,34.23,93,75,23.02
534,Labrea,BR,2022-01-22 23:38:09,-7.2586,-64.7981,72.1,97,100,1.32
535,San Andres,CO,2022-01-22 23:38:10,12.5847,-81.7006,82.42,69,40,12.66
536,Cabedelo,BR,2022-01-22 23:38:10,-6.9811,-34.8339,79.47,72,1,11.83
